{"cameraMode":{"drawMode":0,"name":"Shaded","section":"Shading Mode"},"sceneLighting":true,"audioPlay":false,"sceneViewState":{"showFog":true,"showMaterialUpdate":false,"showSkybox":true,"showFlares":true,"showImageEffects":true,"showParticleSystems":true},"in2DMode":false,"pivot":{"x":-9.89292049407959,"y":19.862619400024415,"z":-39.357913970947269},"rotation":{"x":0.025141479447484018,"y":-0.8175704479217529,"z":0.5742334723472595,"w":0.03584256395697594},"size":36.308876037597659,"orthographic":true}