{"cameraMode":{"drawMode":0,"name":"Shaded","section":"Shading Mode"},"sceneLighting":true,"audioPlay":false,"sceneViewState":{"showFog":true,"showMaterialUpdate":false,"showSkybox":true,"showFlares":true,"showImageEffects":true,"showParticleSystems":true},"in2DMode":false,"pivot":{"x":-6.965567588806152,"y":97.43543243408203,"z":319.8179016113281},"rotation":{"x":-0.0006664748070761561,"y":-0.9953858256340027,"z":0.09616478532552719,"w":-0.00717374961823225},"size":4.200778484344482,"orthographic":true}